﻿{
    "$schema": "https://schema.management.azure.com/schemas/2015-01-01/deploymentTemplate.json#",
    "contentVersion": "1.0.0.0",
    "parameters": {
        "location": {
            "type": "string"
        },
        "vnetName": {
            "type": "string"
        },
        "vnetAddressPrefix": {
            "type": "string"
        },
        "subnetName": {
            "type": "string"
        },
        "subnetPrefix": {
            "type": "string"
        },
        "existingVnetRG": {
            "type": "string"
        }
    },
    "variables": { 
    },
    "resources": [
    ],
    "outputs": {
        "vnetId": {
            "value": "[resourceId(parameters('existingVnetRG'), 'Microsoft.Network/virtualNetworks', parameters('vnetName'))]",
            "type": "string"
        }
    }
}