﻿{
    "$schema": "https://schema.management.azure.com/schemas/2015-01-01/deploymentParameters.json#",
    "contentVersion": "1.0.0.0",
    "parameters": {
        "storageExistingOrNew": {
            "value": "existing"
        },
        "storageName": {
            "value": "infastoragetesttwo3"
        },
        "vnetExistingOrNew": {
            "value": "existing"
        },
        "vnetName": {
            "value": "BDMVnetwork3"
        },
        "vnetAddressPrefix": {
            "value": "14.0.0.0/16"
        },
        "subnetName": {
            "value": "default"
        },
        "subnetPrefix": {
            "value": "14.0.0.0/24"
        },
        "VM01Name": {
            "value": "dbvmtestsm"
        },
        "VM01AdminUsername": {
            "value": "devuser"
        },
        "VM01AdminPassword": {
            "value": "tempBG@2008"
        },
        "DBUser": {
            "value": "user1"
        },
        "DBPassword": {
            "value": "tempBG@2008"
        },
        "VMAdminUserName": {
            "value": "devuser"
        },
        "VMAdminPassword": {
            "value": "tempBG@2008"
        },
        "VMNamePrefix": {
            "value": "vmtestsm"
        },
        "VMCount": {
            "value": 2
        },
        "InfaDomainName": {
            "value": "ISPDomain"
        },
        "InfaDomainUser": {
            "value": "admin"
        },
        "InfaDomainPassword": {
            "value": "admin"
        },
        "InfaKeyWord": {
            "value": "ISP@admin123"
        },
        "storageType": {
            "value": "Standard_LRS"
        },
        "NodeVMSize": {
            "value": "Standard_D11"
		},
        "HDIClusterName": {
            "value": "BDMRGTesting3Cluster"
        },
        "HDIClusterLoginUsername": {
            "value": "admin"
        },
        "HDIClusterLoginPassword": {
            "value": "Infabde@2016"
        },
        "HDIClusterSSHHostname": {
            "value": "BDMRGTesting3Cluster-ssh.azurehdinsight.net"
        },
        "HDIClusterSSHUsername": {
            "value": "blazeuser"
        },
        "HDIClusterSSHPassword": {
            "value": "Infabde@2016"
        },
        "Clusterjobhistory": {
            "value": "hn0-bdmrgt.szudijpagxbehkhe2w5ut1sn4c.ix.internal.cloudapp.ne:10020"
        },
        "Clusterjobhistorywebapp": {
            "value": "hn0-bdmrgt.szudijpagxbehkhe2w5ut1sn4c.ix.internal.cloudapp.ne:19888"
        },
        "ClusterRMSaddress": {
            "value": "hn0-bdmrgt.szudijpagxbehkhe2w5ut1sn4c.ix.internal.cloudapp.ne:8030"
        },
        "ClusterRMWaddress": { 
            "value": "hn0-bdmrgt.szudijpagxbehkhe2w5ut1sn4c.ix.internal.cloudapp.ne:8088"
        },
		"DBVMSize": {
            "value": "Standard_D3"
        },
        "VMAuthType": {
            "value": "password"
        },
        "location": {
            "value": "Southeast Asia"
        },
        "VMAdminSshPublicKey": {
            "value": "testdummykey"
        }
    }
}