﻿{
    "$schema": "https://schema.management.azure.com/schemas/2015-01-01/deploymentParameters.json#",
    "contentVersion": "1.0.0.0",
    "parameters": {
        "storageExistingOrNew": {
            "value": "existing"
        },
        "storageName": {
            "value": "infabdmoffering1storage"
        },
        "vnetExistingOrNew": {
            "value": "existing"
        },
        "vnetName": {
            "value": "INFABDMOfferingVNet"
        },
        "vnetAddressPrefix": {
            "value": "10.13.0.0/16"
        },
        "subnetName": {
            "value": "INFABDMOfferingVSubnet"
        },
        "subnetPrefix": {
            "value": "10.13.0.0/24"
        },
        "VM01Name": {
            "value": "infadb"
        },
        "VM01AdminUsername": {
            "value": "devuser"
        },
        "VM01AdminPassword": {
            "value": "tempBG@2008"
        },
        "DBUser": {
            "value": "user1"
        },
        "DBPassword": {
            "value": "tempBG@2008"
        },
        "VMAdminUserName": {
            "value": "devuser"
        },
        "VMAdminPassword": {
            "value": "tempBG@2008"
        },
        "VMNamePrefix": {
            "value": "infadomain"
        },
        "VMCount": {
            "value": "1"
        },
        "InfaDomainName": {
            "value": "ISPDomain"
        },
        "InfaDomainUser": {
            "value": "admin"
        },
        "InfaDomainPassword": {
            "value": "admin"
        },
        "InfaKeyWord": {
            "value": "ISP@admin123"
        },
        "storageType": {
            "value": "Standard_LRS"
        },
        "NodeVMSize": {
            "value": "Standard_D11"
		},
        "HDIClusterName": {
            "value": "INFABDMOffering1Cluster"
        },
        "HDIClusterLoginUsername": {
            "value": "admin"
        },
        "HDIClusterLoginPassword": {
            "value": "Infabde@2016"
        },
        "HDIClusterSSHHostname": {
            "value": "INFABDMOffering1Cluster-ssh.azurehdinsight.net"
        },
        "HDIClusterSSHUsername": {
            "value": "blazeuser"
        },
        "HDIClusterSSHPassword": {
            "value": "Infabde@2016"
        },
        "Clusterjobhistory": {
            "value": "hn0-bdmtes.budaz4mbefnutjmo3np41grnpe.dx.internal.cloudapp.net:10020"
        },
        "Clusterjobhistorywebapp": {
            "value": "hn0-bdmtes.budaz4mbefnutjmo3np41grnpe.dx.internal.cloudapp.net:19888"
        },
        "ClusterRMSaddress": {
            "value": "hn0-bdmtes.budaz4mbefnutjmo3np41grnpe.dx.internal.cloudapp.net:8030"
        },
        "ClusterRMWaddress": { 
            "value": "hn0-bdmtes.budaz4mbefnutjmo3np41grnpe.dx.internal.cloudapp.net:8088"
        },
		"DBVMSize": {
            "value": "Standard_D3"
        },
        "VMAuthType": {
            "value": "password"
        },
        "location": {
            "value": "Central US"
        },
        "VMAdminSshPublicKey": {
            "value": "testdummykey"
        }
    }
}