﻿{
    "handler": "Microsoft.Compute.MultiVm",
    "version": "0.0.1-preview",
    "parameters": {
        "basics": [
        ],
        "steps": [
            {
                "name": "nodeVMConfiguration",
                "label": "Node Settings",
                "subLabel": {
                    "preValidation": "Configure machine settings for the node",
                    "postValidation": "Done"
                },
                "bladeTitle": "Node Settings",
                "elements": [
                    {
                        "name": "domainNodeCount",
                        "type": "Microsoft.Common.TextBox",
                        "label": "Number of nodes",
                        "defaultValue": "2",
                        "toolTip": "",
                        "constraints": {
                            "required": true
                        }
                    },
                    {
                        "name": "nodeVMPrefix",
                        "type": "Microsoft.Common.TextBox",
                        "label": "Machine prefix",
                        "defaultValue": "VM",
                        "toolTip": "Prefix for machine name",
                        "constraints": {
                            "required": true
                        }
                    },
                    {
                        "name": "nodeVMAdminUsername",
                        "type": "Microsoft.Compute.UserNameTextBox",
                        "label": "Username",
                        "toolTip": "Administrator username for machine",
                        "osPlatform": "Linux",
                        "constraints": {
                            "required": true
                        }
                    },
                    {
                        "name": "nodeVMAdminPassword",
                        "type": "Microsoft.Compute.CredentialsCombo",
                        "label": {
                            "password": "Password",
                            "confirmPassword": "Confirm password",
                            "sshPublicKey": "SSH public key"
                        },
                        "toolTip": {
                            "authenticationType": "",
                            "password": "Administrator password for the machines",
                            "sshPublicKey": "Administrator public key for the machines"
                        },
                        "osPlatform": "Linux",
                        "constraints": {
                            "required": true
                        }
                    },
                    {
                        "name": "nodeVMSize",
                        "type": "Microsoft.Compute.SizeSelector",
                        "label": "Machine size",
                        "toolTip": "The size of the machine",
                        "recommendedSizes": [
                            "Standard_D11",
                            "Standard_D2"
                        ],
                        "osPlatform": "Linux",
                        "count": "[steps('nodeVMConfiguration').domainNodeCount]"
                    }
                ]
            },
            {
                "label": "Informatica Domain Settings",
                "name": "infaDomainConfiguration",
                "subLabel": {
                    "preValidation": "Configure domain settings",
                    "postValidation": "Done"
                },
                "bladeTitle": "Informatica Domain Settings",
                "elements": [
                    {
                        "name": "infaDomainName",
                        "type": "Microsoft.Common.TextBox",
                        "label": "Informatica domain name",
                        "defaultValue": "Azure_Domain",
                        "toolTip": "Specify a name for the Domain",
                        "constraints": {
                            "required": true,
                            "regex": "^[a-z0-9A-Z_]{1,30}$",
                            "validationMessage": "Only alphanumeric characters and underscore are allowed, and the value must be 1-30"
                        }
                    },
                    {
                        "name": "infaDomainUser",
                        "type": "Microsoft.Common.TextBox",
                        "label": "Informatica domain administrator name",
                        "defaultValue": "Administrator",
                        "toolTip": "Domain administrator user name",
                        "constraints": {
                            "required": true,
                            "regex": "^[a-z0-9A-Z_]{1,30}$",
                            "validationMessage": "Only alphanumeric characters and underscore are allowed, and the value must be 1-30"
                        }
                    },
                    {
                        "name": "infaDomainPassword",
                        "type": "Microsoft.Common.PasswordBox",
                        "label": {
                            "password": "Informatica domain password",
                            "confirmPassword": "Confirm Informatica domain password"
                        },
                        "constraints": {
                            "required": true,
                            "regex": "^.{4,}$",
                            "validationMessage": "Password must at least 4 characters in length."
                        },
                        "options": {
                            "hideConfirmation": false
                        }

                    },
                    {
                        "name": "infaDomainEncryptionKeyword",
                        "type": "Microsoft.Common.PasswordBox",
                        "toolTip": "Keyphrase for generating encryption key for domain",
                        "label": {
                            "password": "Keyphrase for encryption key",
                            "confirmPassword": "Confirm keyphrase for encryption key"
                        },
                        "constraints": {
                            "required": true,
                            "regex": "^(?:(?=.*[a-z])(?:(?=.*[A-Z])(?=.*[\\d\\W])|(?=.*\\W)(?=.*\\d))|(?=.*\\W)(?=.*[A-Z])(?=.*\\d)).{8,72}$",
                            "validationMessage": "Keyphrase must be at least 8 characters in length. Should contain at least one special, number, upper-case and lower-case character"
                        },
                        "options": {
                            "hideConfirmation": true
                        }
                    }
                ]
            },
            {
                "name": "databaseConfiguration",
                "label": "Database Settings",
                "subLabel": {
                    "preValidation": "Configure database settings",
                    "postValidation": "Done"
                },
                "bladeTitle": "Database Settings",
                "elements": [
                    {
                        "name": "databaseType",
                        "type": "Microsoft.Common.DropDown",
                        "label": "Database type",
                        "defaultValue": "SQL Server 2014",
                        "toolTip": "",
                        "constraints": {
                            "allowedValues": [
                                {
                                    "label": "SQL Server 2014",
                                    "value": "sqlserver"
                                }
                            ]
                        }
                    },
                    {
                        "name": "databaseName",
                        "type": "Microsoft.Common.TextBox",
                        "label": "Database  machine name",
                        "constraints": {
                            "required": true,
                            "regex": "^[A-Za-z0-9_]{1,30}$",
                            "validationMessage": "Only alphanumeric characters and underscores are allowed, and the value must be 1-30 characters long"
                        },
                        "options": { }
                    },
                    {
                        "name": "databaseVMSize",
                        "type": "Microsoft.Compute.SizeSelector",
                        "label": "Database machine size",
                        "toolTip": "The size of machine for database",
                        "recommendedSizes": [
                            "Standard_D3",
                            "Standard_D4",
                            "Standard_D5"
                        ],
                        "osPlatform": "Windows",
                        "count": 1
                    },
                    {
                        "name": "dbVMAdminUsername",
                        "type": "Microsoft.Compute.UserNameTextBox",
                        "label": "Username",
                        "toolTip": "Admin username for the  machines",
                        "osPlatform": "Windows",
                        "constraints": {
                            "required": true,
                            "validationMessage": "Only alphanumeric characters and underscore are allowed, and the value must be 1-30"
                        }
                    },
                    {
                        "name": "dbVMAdminPassword",
                        "type": "Microsoft.Compute.CredentialsCombo",
                        "label": {
                            "password": "Password",
                            "confirmPassword": "Confirm password"
                        },
                        "toolTip": {
                            "password": "Admin password for the  machines"
                        },
                        "osPlatform": "Windows",
                        "constraints": {
                            "required": true
                        }
                    },
                    {
                        "name": "infaDomainDBUser",
                        "type": "Microsoft.Common.TextBox",
                        "label": "Informatica domain DB user",
                        "defaultValue": "",
                        "toolTip": "Database user to be created for communication between Domain and Domain database",
                        "constraints": {
                            "required": true,
                            "regex": "^[a-z0-9A-Z_]{1,30}$",
                            "validationMessage": "Only alphanumeric characters and underscore are allowed, and the value must be 1-30"
                        }
                    },
                    {
                        "name": "infaDomainDBPassword",
                        "type": "Microsoft.Common.PasswordBox",
                        "label": {
                            "password": "Informatica domain DB password",
                            "confirmPassword": "Confirm Informatica domain DB password"
                        },
                        "constraints": {
                            "required": true,
                            "regex": "^(?:(?=.*[a-z])(?:(?=.*[A-Z])(?=.*[\\d\\W])|(?=.*\\W)(?=.*\\d))|(?=.*\\W)(?=.*[A-Z])(?=.*\\d)).{5,72}$",
                            "validationMessage": "Password must be at least 5 characters in length. Should contain at least one special, number, upper-case and lower-case character"
                        },
                        "options": {
                            "hideConfirmation": false
                        }
                    }
                ]
            },
            {
                "label": "Informatica Big Data Management settings",
                "name": "infaBDEConfiguration",
                "subLabel": {
                    "preValidation": "Configure the Informatica HDInsight Cluster settings",
                    "postValidation": "Done"
                },
                "bladeTitle": "Informatica Big Data Management settings",
                "elements": [
                    {
                        "name": "HDIClusterName",
                        "type": "Microsoft.Common.TextBox",
                        "label": "HDInsight Cluster hostname",
                        "defaultValue": "",
                        "toolTip": "Check the HDInsight cluster properties under settings",
                        "constraints": {
                            "required": true
                        }
                    },
                    {
                        "name": "HDIClusterLoginUsername",
                        "type": "Microsoft.Common.TextBox",
                        "label": "HDInsight Cluster Login Username",
                        "defaultValue": "",
                        "toolTip": "Check the HDInsight cluster login under settings. This is usually the credential to login into Ambari",
                        "constraints": {
                            "required": true
                        }
                    },
                    {
                        "name": "HDIClusterLoginPassword",
                        "type": "Microsoft.Common.PasswordBox",
                        "label": "HDInsight Cluster Login Password",
                        "defaultValue": "",
                        "toolTip": "Check the HDInsight cluster login under settings. This is usually the credential to login into Ambari",
                        "constraints": {
                            "required": true
                        }
                    },
                    {
                        "name": "HDIClusterSSHHostname",
                        "type": "Microsoft.Common.TextBox",
                        "label": "HDInsight Cluster SSH hostname",
                        "defaultValue": "hostname-ssh.azurehdinsight.net",
                        "toolTip": "HDInsight cluster's headnode SSH hostname"
                    },
                    {
                        "name": "HDIClusterSSHUsername",
                        "type": "Microsoft.Common.TextBox",
                        "label": "HDInsight Cluster SSH Username",
                        "defaultValue": "",
                        "toolTip": "HDInsight cluster's headnode SSH username",
                        "constraints": {
                            "required": true
                        }
                    },
                    {
                        "name": "HDIClusterSSHPassword",
                        "type": "Microsoft.Common.PasswordBox",
                        "label": "HDInsight Cluster SSH Password",
                        "defaultValue": "",
                        "toolTip": "HDInsight cluster's headnode SSH password",
                        "constraints": {
                            "required": true
                        }
                    },
                    {
                        "name": "Clusterjobhistory",
                        "type": "Microsoft.Common.TextBox",
                        "label": "mapreduce.jobhistory.address",
                        "defaultValue": "HOSTNAME:10020",
                        "toolTip": "MapReduce JobHistory Server IPC host:port. Check Map reduce configuration in Ambari.",
                        "constraints": {
                            "required": true
                        }
                    },
                    {
                        "name": "Clusterjobhistorywebapp",
                        "type": "Microsoft.Common.TextBox",
                        "label": "mapreduce.jobhistory.webapp.address",
                        "defaultValue": "HOSTNAME:19888",
                        "toolTip": "MapReduce JobHistory Server Web UI host:port. Check Map reduce configuration in Ambari.",
                        "constraints": {
                            "required": true
                        }
                    },
                    {
                        "name": "ClusterRMSaddress",
                        "type": "Microsoft.Common.TextBox",
                        "label": "yarn.resourcemanager.scheduler.address",
                        "defaultValue": "HOSTNAME:8030",
                        "toolTip": "Resource Manager scheduler address host:port. Check yarn configuration in Ambari.",
                        "constraints": {
                            "required": true
                        }
                    },
                    {
                        "name": "ClusterRMWaddress",
                        "type": "Microsoft.Common.TextBox",
                        "label": "yarn.resourcemanager.webapp.address",
                        "defaultValue": "HOSTNAME:8088",
                        "toolTip": "Resource Manager scheduler web app address host:port. Check yarn configuration in Ambari.",
                        "constraints": {
                            "required": true
                        }
                    }
                ]
            },
            {
                "name": "infraConfiguration",
                "label": "Infrastructure Settings",
                "subLabel": {
                    "preValidation": "Configure Storage and VNET settings",
                    "postValidation": "Done"
                },
                "bladeTitle": "Infrastructure Settings",
                "elements": [
                    {
                        "name": "storageAccount",
                        "type": "Microsoft.Storage.StorageAccountSelector",
                        "label": "Storage account",
                        "toolTip": "Storage account used for the machines",
                        "defaultValue": {
                            "type": "Standard_LRS"
                        }
                    },
                    {
                        "name": "infavnet",
                        "type": "Microsoft.Network.VirtualNetworkCombo",
                        "label": {
                            "virtualNetwork": "Virtual network",
                            "subnets": "Subnets"
                        },
                        "toolTip": {
                            "virtualNetwork": "Virtual network all resource required to be part of",
                            "subnets": ""
                        },
                        "defaultValue": {
                            "name": "InfaVNET",
                            "addressPrefixSize": "/16"
                        },
                        "constraints": {
                            "minAddressPrefixSize": "/29"
                        },
                        "subnets": {
                            "subnet1": {
                                "label": "Subnet",
                                "defaultValue": {
                                    "name": "InfaSubnet",
                                    "addressPrefixSize": "/24"
                                },
                                "constraints": {
                                    "minAddressPrefixSize": "/29",
                                    "minAddressCount": 2,
                                    "requireContiguousAddresses": true
                                }
                            }
                        }
                    }
                ]
            }
        ],

        "outputs": {
            "location": "[location()]",
            "VMCount": "[steps('nodeVMConfiguration').domainNodeCount]",
            "VMNamePrefix": "[steps('nodeVMConfiguration').nodeVMPrefix]",
            "VMAdminUserName": "[steps('nodeVMConfiguration').nodeVMAdminUsername]",
            "VMAuthType": "[steps('nodeVMConfiguration').nodeVMAdminPassword.authenticationType]",
            "VMAdminPassword": "[steps('nodeVMConfiguration').nodeVMAdminPassword.password]",
            "VMAdminSshPublicKey": "[steps('nodeVMConfiguration').nodeVMAdminPassword.sshPublicKey]",
            "NodeVMSize": "[steps('nodeVMConfiguration').nodeVMSize]",
            "InfaDomainName": "[steps('infaDomainConfiguration').infaDomainName]",
            "InfaDomainUser": "[steps('infaDomainConfiguration').infaDomainUser]",
            "InfaDomainPassword": "[steps('infaDomainConfiguration').infaDomainPassword]",
            "InfaKeyWord": "[steps('infaDomainConfiguration').infaDomainEncryptionKeyword]",
            "VM01Name": "[steps('databaseConfiguration').databaseName]",
            "DBVMSize": "[steps('databaseConfiguration').databaseVMSize]",
            "databaseType": "[steps('databaseConfiguration').databaseType]",
            "VM01AdminUsername": "[steps('databaseConfiguration').dbVMAdminUsername]",
            "VM01AdminPassword": "[steps('databaseConfiguration').dbVMAdminPassword.password]",
            "DBUser": "[steps('databaseConfiguration').infaDomainDBUser]",
            "DBPassword": "[steps('databaseConfiguration').infaDomainDBPassword]",
            "storageName": "[steps('infraConfiguration').storageAccount.name]",
            "storageType": "[steps('infraConfiguration').storageAccount.type]",
            "storageExistingOrNew": "[steps('infraConfiguration').storageAccount.newOrExisting]",
            "vnetName": "[steps('infraConfiguration').infavnet.name]",
            "vnetAddressPrefix": "[steps('infraConfiguration').infavnet.addressPrefix]",
            "vnetExistingOrNew": "[steps('infraConfiguration').infavnet.newOrExisting]",
            "subnetName": "[steps('infraConfiguration').infavnet.subnets.subnet1.name]",
            "subnetPrefix": "[steps('infraConfiguration').infavnet.subnets.subnet1.addressPrefix]",
            "HDIClusterName": "[steps('infaBDEConfiguration').HDIClusterName]",
			"HDIClusterLoginUsername": "[steps('infaBDEConfiguration').HDIClusterLoginUsername]",
			"HDIClusterLoginPassword": "[steps('infaBDEConfiguration').HDIClusterLoginPassword]",
			"HDIClusterSSHHostname": "[steps('infaBDEConfiguration').HDIClusterSSHHostname]",
			"HDIClusterSSHUsername": "[steps('infaBDEConfiguration').HDIClusterSSHUsername]",
			"HDIClusterSSHPassword": "[steps('infaBDEConfiguration').HDIClusterSSHPassword]",
			"Clusterjobhistory": "[steps('infaBDEConfiguration').Clusterjobhistory]",
			"Clusterjobhistorywebapp": "[steps('infaBDEConfiguration').Clusterjobhistorywebapp]",
			"ClusterRMSaddress": "[steps('infaBDEConfiguration').ClusterRMSaddress]",
			"ClusterRMWaddress": "[steps('infaBDEConfiguration').ClusterRMWaddress]"
        }
    }
}