﻿{
    "$schema": "http://schema.management.azure.com/schemas/2015-01-01/deploymentTemplate.json#",
    "contentVersion": "1.0.0.0",
    "parameters": {
        "storageName": {
            "type": "string"
        },
        "vnetName": {
            "type": "string"
        },
        "subnetName": {
            "type": "string"
        },
        "VM01Name": {
            "type": "string"
        },
        "DBUser": {
            "type": "string"
        },
        "DBPassword": {
            "type": "securestring"
        },
        "NodeVMSize": {
            "type": "string"
        },
        "VMOSType": {
            "type": "string"
        },
        "VMAdminUserName": {
            "type": "string",
            "minLength": 1
        },
        "VMAdminPassword": {
            "type": "securestring"
        },
        "VMAdminSshPublicKey": {
            "type": "string"
        },
        "VMNamePrefix": {
            "type": "string",
            "minLength": 1
        },
        "VMCount": {
            "type": "int"
        },
        "InfaDomainName": {
            "type": "string",
            "minLength": 4
        },
        "InfaDomainUser": {
            "type": "string",
            "minLength": 4
        },
        "InfaDomainPassword": {
            "type": "securestring",
            "minLength": 4
        },
        "InfaNodeNamePrefix": {
            "type": "string",
            "minLength": 4
        },
        "InfaKeyWord": {
            "type": "securestring",
            "minLength": 4
        },
        "HDIClusterName": {
            "type": "string"
        },
        "HDIClusterLoginUsername": {
            "type": "string"
        },
        "HDIClusterLoginPassword": {
            "type": "securestring"
        },
        "HDIClusterSSHHostname": {
            "type": "string"
        },
        "HDIClusterSSHUsername": {
            "type": "string"
        },
        "HDIClusterSSHPassword": {
            "type": "securestring"
        },
        "Clusterjobhistory": {
            "type": "string"
        },
        "Clusterjobhistorywebapp": {
            "type": "string"
        },
        "ClusterRMSaddress": {
            "type": "string"
        },
        "ClusterRMWaddress": {
            "type": "string"
        }
    },
    "variables": {
        "VMPublicDNSName": "[toLower(concat(parameters('VMNamePrefix'), uniqueString(resourceGroup().id)))]",
        "VMNicNamePrefix": "[concat(parameters('VMNamePrefix'),'Nic')]",
        "VMSubnetRef": "[concat(resourceId('Microsoft.Network/virtualNetworks', parameters('vnetName')), '/subnets/', parameters('subnetName'))]",

        "gatewayCount": "[sub(parameters('VMCount'), 1)]",

        "ExtScriptURI": "https://raw.githubusercontent.com/madanvkumarsjsu/INFABDMOffering1/master/Scripts/",
        "ExtWIScriptFile": "lininfainstaller.sh",

        "InfaNode1Port": 6005,
        "InfaDBType": "MSSQLSERVER",
        "InfaDBName": "model",
        "InfaDBPort": "1433",

        "imagePublisher": "informatica",
        "imageOffer": "powercenter-v10-update1-domain-image-ubuntu-preview",
        "osVersion": "byol_ubuntu_for_pc_10_0_update1"
    },
    "resources": [
        {
            "name": "[concat(variables('VMPublicDNSName'), '1')]",
            "type": "Microsoft.Network/publicIPAddresses",
            "location": "[resourceGroup().location]",
            "apiVersion": "2015-06-15",
            "dependsOn": [ ],

            "tags": {
                "displayName": "publicip"
            },
            "properties": {
                "publicIPAllocationMethod": "Dynamic",
                "dnsSettings": {
                    "domainNameLabel": "[concat(variables('VMPublicDNSName'), '1')]"
                }
            }
        },
        {
            "name": "[concat(variables('VMNicNamePrefix'), '1')]",
            "type": "Microsoft.Network/networkInterfaces",
            "location": "[resourceGroup().location]",
            "apiVersion": "2015-06-15",
            "dependsOn": [
                "[concat('Microsoft.Network/publicIPAddresses/', variables('VMPublicDNSName'), '1')]"
            ],
            "tags": {
                "displayName": "niccard"
            },
            "properties": {
                "ipConfigurations": [
                    {
                        "name": "ipconfig1",
                        "properties": {
                            "privateIPAllocationMethod": "Dynamic",
                            "subnet": {
                                "id": "[variables('VMSubnetRef')]"
                            },
                            "publicIPAddress": {
                                "id": "[resourceId('Microsoft.Network/publicIPAddresses', concat(variables('VMPublicDNSName'), '1'))]"
                            }
                        }
                    }
                ]
            }
        },
        {
            "name": "[concat(parameters('VMNamePrefix'), '1')]",
            "type": "Microsoft.Compute/virtualMachines",
            "location": "[resourceGroup().location]",
            "apiVersion": "2015-06-15",
            "dependsOn": [
                "[concat('Microsoft.Network/networkInterfaces/', variables('VMNicNamePrefix'), '1')]"
            ],
            "plan": {
                "name": "[variables('osVersion')]",
                "publisher": "[variables('imagePublisher')]",
                "product": "[variables('imageOffer')]"
            },
            "tags": {
                "displayName": "nodevm"
            },
            "properties": {
                "hardwareProfile": {
                    "vmSize": "[parameters('NodeVMSize')]"
                },
                "osProfile": {
                    "computerName": "[concat(parameters('VMNamePrefix'), '1')]",
                    "adminUsername": "[parameters('VMAdminUsername')]",
                    "adminPassword": "[parameters('VMAdminPassword')]"
                },
                "storageProfile": {
                    "imageReference": {
                        "publisher": "[variables('imagePublisher')]",
                        "offer": "[variables('imageOffer')]",
                        "sku": "[variables('osVersion')]",
                        "version": "latest"
                    },
                    "osDisk": {
                        "name": "InfaOSDisk",
                        "caching": "ReadWrite",
                        "createOption": "FromImage",
                        "vhd": {
                            "uri": "[concat('https://', parameters('storageName'), '.blob.core.windows.net/vhds/', parameters('VMNamePrefix'), '1', '.osdisk.vhd')]"
                        }
                    }
                },
                "networkProfile": {
                    "networkInterfaces": [
                        {
                            "id": "[resourceId('Microsoft.Network/networkInterfaces', concat(variables('VMNicNamePrefix'), '1'))]"
                        }
                    ]
                }
            },
            "resources": [
                {
                    "name": "ScriptExtGVM",
                    "type": "extensions",
                    "location": "[resourceGroup().location]",
                    "apiVersion": "2015-06-15",
                    "dependsOn": [
                        "[concat('Microsoft.Compute/virtualMachines/', parameters('VMNamePrefix'), '1')]"
                    ],
                    "tags": {
                        "displayName": "informaticaextension"
                    },
                    "properties": {
                        "publisher": "Microsoft.OSTCExtensions",
                        "type": "CustomScriptForLinux",
                        "typeHandlerVersion": "1.4",
                        "autoUpgradeMinorVersion": true,
                        "settings": {
                            "fileUris": [
                                "[concat(variables('ExtScriptURI'),  variables('ExtWIScriptFile'))]"
                            ]
                        },
                        "protectedSettings": {
                            "commandToExecute": "[concat('sh ', variables('ExtWIScriptFile'), ' ', concat(parameters('VMNamePrefix'), '1'), ' ', parameters('InfaDomainName'), ' ', parameters('InfaDomainUser'), ' ', parameters('InfaDomainPassword'), ' ', parameters('InfaNodeNamePrefix'), '1', ' ', variables('InfaNode1Port'), ' ', variables('InfaDBType'), ' ', variables('InfaDBName'), ' ', parameters('DBUser'), ' ', parameters('DBPassword'), ' ', parameters('VM01Name'), ' ', variables('InfaDBPort'), ' ', parameters('InfaKeyWord'), ' 0 ', parameters('VMAdminUserName'), ' ', parameters('HDIClusterName'), ' ', parameters('HDIClusterLoginUsername'), ' ', parameters('HDIClusterLoginPassword'), ' ', parameters('HDIClusterSSHHostname'), ' ', parameters('HDIClusterSSHUsername'), ' ', parameters('HDIClusterSSHPassword'), ' ', parameters('Clusterjobhistory'), ' ', parameters('Clusterjobhistorywebapp'), ' ', parameters('ClusterRMSaddress'), ' ', parameters('ClusterRMWaddress'), ' ', parameters('storageName'), ' ', listKeys(resourceId('Microsoft.Storage/storageAccounts', parameters('storageName')), '2015-05-01-preview').key1)]"
                        }
                    }
                }
            ]
        },
        {
            "name": "[concat(variables('VMPublicDNSName'), add(copyIndex(), 2))]",
            "type": "Microsoft.Network/publicIPAddresses",
            "location": "[resourceGroup().location]",
            "apiVersion": "2015-06-15",
            "dependsOn": [ ],
            "copy": {
                "name": "gatewayCount",
                "count": "[variables('gatewayCount')]"
            },
            "tags": {
                "displayName": "gwpublicip"
            },
            "properties": {
                "publicIPAllocationMethod": "Dynamic",
                "dnsSettings": {
                    "domainNameLabel": "[concat(variables('VMPublicDNSName'), add(copyIndex(), 2))]"
                }
            }
        },
        {
            "name": "[concat(variables('VMNicNamePrefix'), add(copyIndex(), 2))]",
            "type": "Microsoft.Network/networkInterfaces",
            "location": "[resourceGroup().location]",
            "apiVersion": "2015-06-15",
            "dependsOn": [
                "[concat('Microsoft.Network/publicIPAddresses/', variables('VMPublicDNSName'), add(copyIndex(), 2))]"
            ],
            "copy": {
                "name": "gatewayCount",
                "count": "[variables('gatewayCount')]"
            },
            "tags": {
                "displayName": "gwniccard"
            },
            "properties": {
                "ipConfigurations": [
                    {
                        "name": "ipconfig1",
                        "properties": {
                            "privateIPAllocationMethod": "Dynamic",
                            "subnet": {
                                "id": "[variables('VMSubnetRef')]"
                            },
                            "publicIPAddress": {
                                "id": "[resourceId('Microsoft.Network/publicIPAddresses', concat(variables('VMPublicDNSName'), add(copyIndex(), 2)))]"
                            }
                        }
                    }
                ]
            }
        },
        {
            "name": "[concat(parameters('VMNamePrefix'), add(copyIndex(), 2))]",
            "type": "Microsoft.Compute/virtualMachines",
            "location": "[resourceGroup().location]",
            "apiVersion": "2015-06-15",
            "dependsOn": [
                "[concat('Microsoft.Network/networkInterfaces/', variables('VMNicNamePrefix'), add(copyIndex(), 2))]",
                "[concat('Microsoft.Compute/virtualMachines/', parameters('VMNamePrefix'), '1')]"
            ],
            "plan": {
                "name": "[variables('osVersion')]",
                "publisher": "[variables('imagePublisher')]",
                "product": "[variables('imageOffer')]"
            },
            "copy": {
                "name": "gatewayCount",
                "count": "[variables('gatewayCount')]"
            },
            "tags": {
                "displayName": "gwnodevm"
            },
            "properties": {
                "hardwareProfile": {
                    "vmSize": "[parameters('NodeVMSize')]"
                },
                "osProfile": {
                    "computerName": "[concat(parameters('VMNamePrefix'), add(copyIndex(), 2))]",
                    "adminUsername": "[parameters('VMAdminUsername')]",
                    "adminPassword": "[parameters('VMAdminPassword')]"
                },
                "storageProfile": {
                    "imageReference": {
                        "publisher": "[variables('imagePublisher')]",
                        "offer": "[variables('imageOffer')]",
                        "sku": "[variables('osVersion')]",
                        "version": "latest"
                    },
                    "osDisk": {
                        "name": "InfaOSDisk",
                        "caching": "ReadWrite",
                        "createOption": "FromImage",
                        "vhd": {
                            "uri": "[concat('https://', parameters('storageName'), '.blob.core.windows.net/vhds/', parameters('VMNamePrefix'), add(copyIndex(), 2), '.osdisk.vhd')]"
                        }
                    }
                },
                //For Testing - Start - Remove after image being staged
                /*"storageProfile": {
                    "osDisk": {
                        "name": "VMDisk",
                        "osType": "linux",
                        "caching": "ReadWrite",
                        "createOption": "FromImage",
                        "image": {
                            "uri": "https://ispstorenp.blob.core.windows.net/copiedvhds/BaseLU14I10U130032016-os-2016-03-30-5B85BDF.vhd"
                        },
                        "vhd": {
                            "uri": "[concat('https://', 'ispstorenp', '.blob.core.windows.net/vhds/', parameters('VMNamePrefix'), add(copyIndex(), 2), '.osdisk.vhd')]"
                        }
                    }
                },*/ //For Testing - End - Remove after image being staged
                "networkProfile": {
                    "networkInterfaces": [
                        {
                            "id": "[resourceId('Microsoft.Network/networkInterfaces', concat(variables('VMNicNamePrefix'), add(copyIndex(), 2)))]"
                        }
                    ]
                }
            },
            "resources": [
                {
                    "name": "ScriptExtGVM",
                    "type": "extensions",
                    "location": "[resourceGroup().location]",
                    "apiVersion": "2015-06-15",
                    "dependsOn": [
                        "[concat('Microsoft.Compute/virtualMachines/', parameters('VMNamePrefix'), add(copyIndex(), 2))]"
                    ],
                    "tags": {
                        "displayName": "informaticaextension"
                    },
                    "properties": {
                        "publisher": "Microsoft.OSTCExtensions",
                        "type": "CustomScriptForLinux",
                        "typeHandlerVersion": "1.4",
                        "autoUpgradeMinorVersion": true,
                        "settings": {
                            "fileUris": [
                                "[concat(variables('ExtScriptURI'),  variables('ExtWIScriptFile'))]"
                            ]
                        },
                        "protectedSettings": {
                            "commandToExecute": "[concat('sh ', variables('ExtWIScriptFile'), ' ', concat(parameters('VMNamePrefix'), '1'), ' ', parameters('InfaDomainName'), ' ', parameters('InfaDomainUser'), ' ', parameters('InfaDomainPassword'), ' ', parameters('InfaNodeNamePrefix'), add(copyIndex(), 2), ' ', variables('InfaNode1Port'), ' ', variables('InfaDBType'), ' ', variables('InfaDBName'), ' ', parameters('DBUser'), ' ', parameters('DBPassword'), ' ', parameters('VM01Name'), ' ', variables('InfaDBPort'), ' ', parameters('InfaKeyWord'), ' 1 ', parameters('VMAdminUserName'), ' ', parameters('HDIClusterName'), ' ', parameters('HDIClusterLoginUsername'), ' ', parameters('HDIClusterLoginPassword'), ' ', parameters('HDIClusterSSHHostname'), ' ', parameters('HDIClusterSSHUsername'), ' ', parameters('HDIClusterSSHPassword'), ' ', parameters('Clusterjobhistory'), ' ', parameters('Clusterjobhistorywebapp'), ' ', parameters('ClusterRMSaddress'), ' ', parameters('ClusterRMWaddress'), ' ', parameters('storageName'), ' ', listKeys(resourceId('Microsoft.Storage/storageAccounts', parameters('storageName')), '2015-05-01-preview').key1)]"
                        }
                    }
                }
            ]
        }
    ],
    "outputs": {
        "fqdn1": {
            "value": "[reference(resourceId('Microsoft.Network/publicIPAddresses',concat(variables('VMPublicDNSName'), '1')),providers('Microsoft.Network', 'publicIPAddresses').apiVersions[0]).dnsSettings.fqdn]",
            "type": "string"
        },
        "ipaddress1": {
            "value": "[reference(resourceId('Microsoft.Network/publicIPAddresses',concat(variables('VMPublicDNSName'), '1')),providers('Microsoft.Network', 'publicIPAddresses').apiVersions[0]).ipAddress]",
            "type": "string"
        },
        "fqdn2": {
            "value": "[reference(resourceId('Microsoft.Network/publicIPAddresses',concat(variables('VMPublicDNSName'), '2')),providers('Microsoft.Network', 'publicIPAddresses').apiVersions[0]).dnsSettings.fqdn]",
            "type": "string"
        },
        "ipaddress2": {
            "value": "[reference(resourceId('Microsoft.Network/publicIPAddresses',concat(variables('VMPublicDNSName'), '2')),providers('Microsoft.Network', 'publicIPAddresses').apiVersions[0]).ipAddress]",
            "type": "string"
        }
    }
}