﻿{
    "$schema": "http://schema.management.azure.com/schemas/2015-01-01/deploymentTemplate.json#",
    "contentVersion": "1.0.0.0",
    "parameters": {
        "storageName": {
            "type": "string"
        },
        "VM01Name": {
            "type": "string"
        },
        "VM01AdminUsername": {
            "type": "string"
        },
        "VM01AdminPassword": {
            "type": "securestring"
        },
        "DBVMSize": {
            "type": "string"
        },
        "DBUser": {
            "type": "string"
        },
        "DBPassword": {
            "type": "securestring"
        },
        "VNetName": {
            "type": "string"
        },
        "SubnetName": {
            "type": "string"
        },
        "baseUrl": {
            "type": "string"
        }
    },
    "variables": {
        "publicDNSName": "[toLower(concat(parameters('VM01Name'), uniqueString(resourceGroup().id)))]",
        "VM01NicName": "[concat(parameters('VM01Name'), 'Nic')]",
        "dbOsType": "windows",

        "ExtScriptURI": "[concat(parameters('baseUrl'), '/')]",
        "ExtCDBScriptFile": "createsqldbuser.ps1",

        "InfaCustomVMDisk1": "[concat('https://', parameters('storageName'), '.blob.core.windows.net/vhds/', parameters('VM01Name'), '.SQLServer2014.osdisk.vhd')]",

        "VNetID": "[resourceId('Microsoft.Network/virtualNetworks', parameters('VNetName'))]",
        "SubnetId": "[concat(variables('VNetID'), '/subnets/', parameters('SubnetName'))]",

        "imagePublisher": "informatica",
        "imageOffer": "sqlserver-2014-image-preview",
        "osVersion": "sqlserver-2014-image-for-pc-bdm"
    },
    "resources": [
        {
            "name": "[parameters('VM01Name')]",
            "type": "Microsoft.Network/publicIPAddresses",
            "location": "[resourceGroup().location]",
            "apiVersion": "2015-06-15",
            "dependsOn": [ ],
            "tags": {
                "displayName": "PubIP01"
            },
            "properties": {
                "publicIPAllocationMethod": "Dynamic",
                "dnsSettings": {
                    "domainNameLabel": "[variables('publicDNSName')]"
                }
            }
        },
        {
            "name": "[variables('VM01NicName')]",
            "type": "Microsoft.Network/networkInterfaces",
            "location": "[resourceGroup().location]",
            "apiVersion": "2015-06-15",
            "dependsOn": [
                "[concat('Microsoft.Network/publicIPAddresses/', parameters('VM01Name'))]"
            ],
            "tags": {
                "displayName": "VM01Nic"
            },
            "properties": {
                "ipConfigurations": [
                    {
                        "name": "ipconfig1",
                        "properties": {
                            "privateIPAllocationMethod": "Dynamic",
                            "subnet": {
                                "id": "[variables('SubnetId')]"
                            },
                            "publicIPAddress": {
                                "id": "[resourceId('Microsoft.Network/publicIPAddresses', parameters('VM01Name'))]"
                            }
                        }
                    }
                ]
            }
        },
        {
            "name": "[parameters('VM01Name')]",
            "type": "Microsoft.Compute/virtualMachines",
            "location": "[resourceGroup().location]",
            "apiVersion": "2015-06-15",
            "dependsOn": [
                "[concat('Microsoft.Network/networkInterfaces/', variables('VM01NicName'))]"
            ],
            "plan": {
                "name": "[variables('osVersion')]",
                "publisher": "[variables('imagePublisher')]",
                "product": "[variables('imageOffer')]"
            },
            "tags": {
                "displayName": "VM01"
            },
            "properties": {
                "hardwareProfile": {
                    "vmSize": "[parameters('DBVMSize')]"
                },
                "osProfile": {
                    "computerName": "[parameters('VM01Name')]",
                    "adminUsername": "[parameters('VM01AdminUsername')]",
                    "adminPassword": "[parameters('VM01AdminPassword')]"
                },
                "storageProfile": {
                    "imageReference": {
                        "publisher": "[variables('imagePublisher')]",
                        "offer": "[variables('imageOffer')]",
                        "sku": "[variables('osVersion')]",
                        "version": "latest"
                    },
                    "osDisk": {
                        "name": "InfaOSDisk",
                        "caching": "ReadWrite",
                        "createOption": "FromImage",
                        "vhd": {
                            "uri": "[concat('https://', parameters('storageName'), '.blob.core.windows.net/vhds/', parameters('VM01Name'), '.osdisk.vhd')]"
                        }
                    }
                },
                "networkProfile": {
                    "networkInterfaces": [
                        {
                            "id": "[resourceId('Microsoft.Network/networkInterfaces', variables('VM01NicName'))]"
                        }
                    ]
                }
            },
            "resources": [
                {
                    "name": "ScriptExtDB",
                    "type": "extensions",
                    "location": "[resourceGroup().location]",
                    "apiVersion": "2015-06-15",
                    "dependsOn": [
                        "[concat('Microsoft.Compute/virtualMachines/', parameters('VM01Name'))]"
                    ],
                    "tags": {
                        "displayName": "ScriptExtDB"
                    },
                    "properties": {
                        "publisher": "Microsoft.Compute",
                        "type": "CustomScriptExtension",
                        "typeHandlerVersion": "1.8",
                        "autoUpgradeMinorVersion": true,
                        "settings": {
                            "fileUris": [
                                "[concat(variables('ExtScriptURI'),  variables('ExtCDBScriptFile'))]"
                            ]
                        },
                        "protectedSettings": {
                            "commandToExecute": "[concat('powershell -ExecutionPolicy Unrestricted -file ', variables('ExtCDBScriptFile'), ' -dbUserName ', parameters('DBUser'), ' -dbPassword ', parameters('DBPassword'))]"
                        }
                    }
                }
            ]
        }
    ],
    "outputs": {
        "fqdn": {
            "value": "[reference(resourceId('Microsoft.Network/publicIPAddresses',parameters('VM01Name')),providers('Microsoft.Network', 'publicIPAddresses').apiVersions[0]).dnsSettings.fqdn]",
            "type": "string"
        },
        "ipaddress": {
            "value": "[reference(resourceId('Microsoft.Network/publicIPAddresses',parameters('VM01Name')),providers('Microsoft.Network', 'publicIPAddresses').apiVersions[0]).ipAddress]",
            "type": "string"
        }
    }
}
