﻿{
    "$schema": "http://schema.management.azure.com/schemas/2015-01-01/deploymentTemplate.json#",
    "contentVersion": "1.0.0.0",
    "parameters": {
        "storageName": {
            "type": "string"
        },
        "storageType": {
            "type": "string",
            "defaultValue": "Standard_LRS"
        }
    },
    "variables": {
    },
    "resources": [
         { 
            "name": "[parameters('storageName')]",
            "type": "Microsoft.Storage/storageAccounts",
            "location": "[resourceGroup().location]",
            "apiVersion": "2015-06-15",
            "dependsOn": [ ],
            "properties": {
                "accountType": "[parameters('storageType')]"
            }
        }
    ],
    "outputs": {
        "storageId": {
            "value": "[resourceId('Microsoft.Storage/storageAccounts', parameters('storageName'))]",
            "type": "string"
        }
    }
}
